﻿fileName,date,description,status,publicScore,privateScore

submission_20250908_092700.csv,2025-09-08 06:27:54.593000,Auto-submit: submission_20250908_092700.csv,SubmissionStatus.COMPLETE,0.96384,0.96322

submission_20250908_003633.csv,2025-09-07 21:57:26.283000,auto: submission_20250908_003633.csv,SubmissionStatus.COMPLETE,0.96384,0.96322

submission_20250908_001001.csv,2025-09-07 21:10:08.483000,XGB CV OOF=0.96416 (FE + within-fold cap + auto-drop leakers),SubmissionStatus.COMPLETE,0.96382,0.96337

submission_20250908_000631.csv,2025-09-07 21:06:37.777000,Clean XGB CV OOF≈0.964,SubmissionStatus.COMPLETE,0.96384,0.96322

submission_20250908_000043.csv,2025-09-07 21:03:10.983000,XGB CV OOF=0.96426 (clean run),SubmissionStatus.COMPLETE,0.96384,0.96322

submission_20250908_000043.csv,2025-09-07 21:01:52.403000,XGB CV OOF=0.96426 (clean run),SubmissionStatus.COMPLETE,0.96384,0.96322

submission_20250907_234719.csv,2025-09-07 20:53:10.543000,Final submission (deadline),SubmissionStatus.COMPLETE,0.95199,0.95142

submission_20250907_233746.csv,2025-09-07 20:38:16.013000,"XGB CV OOF=0.96421 (drop id, scale_pos_weight)",SubmissionStatus.COMPLETE,0.96383,0.96318

submission_20250907_233510.csv,2025-09-07 20:35:26.280000,"XGB CV OOF=0.96421 (drop id, spw, default cleaning)",SubmissionStatus.COMPLETE,0.96383,0.96318

submission_20250907_231958.csv,2025-09-07 20:22:38.833000,"XGB CV, OOF ~0.9642",SubmissionStatus.COMPLETE,0.96383,0.96318

