feature,importance
duration_qbin,0.47240078
duration,0.12024754
contact,0.10903273
housing,0.06608427
poutcome,0.054551248
loan,0.041148823
month,0.023159828
duration_x_contact,0.018510697
campaign,0.014536938
balance_qbin,0.013577413
education,0.010807391
day,0.008642156
balance,0.008461784
marital,0.008388772
age,0.008076639
job,0.007074702
duration_per_campaign,0.006064426
campaign_qbin,0.004998745
default,0.002271479
balance_over_age,0.0019636652
previous,0.0
pdays,0.0
