feature,auc
duration,0.8881901575661328
duration_qbin,0.8846508394409195
balance_qbin,0.6621450472144269
balance,0.6617582826492047
education,0.568057197505976
marital,0.5580638266754863
job,0.5511187299276455
previous,0.5
pdays,0.5
default,0.493997526306892
age,0.4794874695711791
balance_over_age,0.47922579149971933
month,0.4734357711830977
loan,0.45651944123890237
day,0.45494392196685274
campaign_qbin,0.44311676182875165
poutcome,0.426474430341464
campaign,0.4219216043037945
contact,0.3843539695944334
housing,0.38266910015908984
duration_per_campaign,0.3082006597076369
duration_x_contact,0.295197942046449
